-- APP_ROLE
INSERT INTO "APP2"."APP_ROLE" (ID,CREATED_BY,CREATED_DATE,STATUS,UPDATED_BY,UPDATED_DATE,VERSION,ROLE_CODE,ROLE_NAME) VALUES (100001,null,null,null,null,null,2,'RL001','Administrator');
INSERT INTO "APP2"."APP_ROLE" (ID,CREATED_BY,CREATED_DATE,STATUS,UPDATED_BY,UPDATED_DATE,VERSION,ROLE_CODE,ROLE_NAME) VALUES (100002,null,null,null,null,null,0,'RL002','Employee');

-- APP_MENU
INSERT INTO "APP2"."APP_MENU" (ID,CREATED_BY,CREATED_DATE,STATUS,UPDATED_BY,UPDATED_DATE,VERSION,CONTROLLER,LINK,MENU_ICON,MENU_LEVEL,MENU_E_NAME,MENU_T_NAME,PARENT,SEGMENT) VALUES (100001,null,null,null,null,null,1,'package com.app2.app2t.web.em.*ememployee*','/APP2_EM/employees','fa-user',0,'Employees','พนักงาน',0,1);
INSERT INTO "APP2"."APP_MENU" (ID,CREATED_BY,CREATED_DATE,STATUS,UPDATED_BY,UPDATED_DATE,VERSION,CONTROLLER,LINK,MENU_ICON,MENU_LEVEL,MENU_E_NAME,MENU_T_NAME,PARENT,SEGMENT) VALUES (100002,null,null,null,null,null,0,'package com.app2.app2t.web.pjm.*project*','/APP2_PJM/projects','fa-github',0,'Project','โปรเจค',0,2);
INSERT INTO "APP2"."APP_MENU" (ID,CREATED_BY,CREATED_DATE,STATUS,UPDATED_BY,UPDATED_DATE,VERSION,CONTROLLER,LINK,MENU_ICON,MENU_LEVEL,MENU_E_NAME,MENU_T_NAME,PARENT,SEGMENT) VALUES (100003,null,null,null,null,null,1,'package com.app2.app2t.web.pjm.*plan*','/APP2_Plan/plans','fa-calendar',0,'Plan','แผนงาน',0,3);
INSERT INTO "APP2"."APP_MENU" (ID,CREATED_BY,CREATED_DATE,STATUS,UPDATED_BY,UPDATED_DATE,VERSION,CONTROLLER,LINK,MENU_ICON,MENU_LEVEL,MENU_E_NAME,MENU_T_NAME,PARENT,SEGMENT) VALUES (100004,null,null,null,null,null,0,'package com.app2.app2t.web.em.EMEmployeeController.addRole','/APP2_EM/ememployees/addRole','',1,'Role','สิทธิ์',100001,1);
INSERT INTO "APP2"."APP_MENU" (ID,CREATED_BY,CREATED_DATE,STATUS,UPDATED_BY,UPDATED_DATE,VERSION,CONTROLLER,LINK,MENU_ICON,MENU_LEVEL,MENU_E_NAME,MENU_T_NAME,PARENT,SEGMENT) VALUES (100005,null,null,null,null,null,0,'package com.app2.app2t.web.em.EMTeamController.addTheam','/APP2_EM/emteams/addTeam','',1,'Team','ทีม',100001,2);
INSERT INTO "APP2"."APP_MENU" (ID,CREATED_BY,CREATED_DATE,STATUS,UPDATED_BY,UPDATED_DATE,VERSION,CONTROLLER,LINK,MENU_ICON,MENU_LEVEL,MENU_E_NAME,MENU_T_NAME,PARENT,SEGMENT) VALUES (100006,null,null,null,null,null,1,'package com.app2.app2t.web.em.EMEmployeeController.addEmployee','/APP2_EM/ememployees/addEmployee','',1,'Add Employee','เพิ่มพนักงาน',100001,3);
INSERT INTO "APP2"."APP_MENU" (ID,CREATED_BY,CREATED_DATE,STATUS,UPDATED_BY,UPDATED_DATE,VERSION,CONTROLLER,LINK,MENU_ICON,MENU_LEVEL,MENU_E_NAME,MENU_T_NAME,PARENT,SEGMENT) VALUES (100007,null,null,null,null,null,0,'package com.app2.app2t.web.em.EMPositionController.addPosition','/APP2_EM/empositions/addPosition','',1,'Position','ตำแหน่ง',100001,4);
INSERT INTO "APP2"."APP_MENU" (ID,CREATED_BY,CREATED_DATE,STATUS,UPDATED_BY,UPDATED_DATE,VERSION,CONTROLLER,LINK,MENU_ICON,MENU_LEVEL,MENU_E_NAME,MENU_T_NAME,PARENT,SEGMENT) VALUES (100008,null,null,null,null,null,0,'package com.app2.app2t.web.pjm.ProjectController.typetask','/APP2_PJM/projects/searchproject','',1,'Search Project','ค้นหาโปรเจค',100002,1);
INSERT INTO "APP2"."APP_MENU" (ID,CREATED_BY,CREATED_DATE,STATUS,UPDATED_BY,UPDATED_DATE,VERSION,CONTROLLER,LINK,MENU_ICON,MENU_LEVEL,MENU_E_NAME,MENU_T_NAME,PARENT,SEGMENT) VALUES (100009,null,null,null,null,null,0,'package com.app2.app2t.web.pjm.ModuleProjectController.detailsModule','/APP2_PJM/moduleprojects/detailsModule','',1,'Module','โมดูล',100002,2);
INSERT INTO "APP2"."APP_MENU" (ID,CREATED_BY,CREATED_DATE,STATUS,UPDATED_BY,UPDATED_DATE,VERSION,CONTROLLER,LINK,MENU_ICON,MENU_LEVEL,MENU_E_NAME,MENU_T_NAME,PARENT,SEGMENT) VALUES (100010,null,null,null,null,null,0,'package com.app2.app2t.web.pjmProjectController.progressproject','/APP2_PJM/projects/progressproject','',1,'Project Progress','ความคืบหน้าโปรเจค',100002,3);
INSERT INTO "APP2"."APP_MENU" (ID,CREATED_BY,CREATED_DATE,STATUS,UPDATED_BY,UPDATED_DATE,VERSION,CONTROLLER,LINK,MENU_ICON,MENU_LEVEL,MENU_E_NAME,MENU_T_NAME,PARENT,SEGMENT) VALUES (100011,null,null,null,null,null,0,'package com.app2.app2t.web.pjm.TypeTaskController.typetask','/APP2_PJM/typetasks/typetask','',1,'Task type','ประเภทงาน',100002,4);
INSERT INTO "APP2"."APP_MENU" (ID,CREATED_BY,CREATED_DATE,STATUS,UPDATED_BY,UPDATED_DATE,VERSION,CONTROLLER,LINK,MENU_ICON,MENU_LEVEL,MENU_E_NAME,MENU_T_NAME,PARENT,SEGMENT) VALUES (100012,null,null,null,null,null,0,'package com.app2.app2t.web.report.ReportController.PJMRP01','/APP2_PJM/reports/PJMRP01','',1,'Work Summary Report','รายงานสรุปผลการทำงาน',100002,5);
INSERT INTO "APP2"."APP_MENU" (ID,CREATED_BY,CREATED_DATE,STATUS,UPDATED_BY,UPDATED_DATE,VERSION,CONTROLLER,LINK,MENU_ICON,MENU_LEVEL,MENU_E_NAME,MENU_T_NAME,PARENT,SEGMENT) VALUES (100013,null,null,null,null,null,0,'package com.app2.app2t.web.report.ReportController.PJMRP02','/APP2_PJM/reports/PJMRP02','',1,'Project Summary Report','รายงานสรุุปงานโปรเจค',100002,6);
INSERT INTO "APP2"."APP_MENU" (ID,CREATED_BY,CREATED_DATE,STATUS,UPDATED_BY,UPDATED_DATE,VERSION,CONTROLLER,LINK,MENU_ICON,MENU_LEVEL,MENU_E_NAME,MENU_T_NAME,PARENT,SEGMENT) VALUES (100014,null,null,null,null,null,0,'package com.app2.app2t.web.pjm.PlanController.plancalendar','/APP2_Plan/plans/plancalendar','',1,'Plan Calendar','ปฏิธินแผนงาน',100003,1);
INSERT INTO "APP2"."APP_MENU" (ID,CREATED_BY,CREATED_DATE,STATUS,UPDATED_BY,UPDATED_DATE,VERSION,CONTROLLER,LINK,MENU_ICON,MENU_LEVEL,MENU_E_NAME,MENU_T_NAME,PARENT,SEGMENT) VALUES (100015,null,null,null,null,null,0,'package com.app2.app2t.web.pjm.PlanController.planviews','/APP2_Plan/plans/planviews','',1,'Plan View','แผนงานรวม',100003,2);

-- APP_ROLE_MENU
INSERT INTO "APP2"."APP_ROLE_MENU" (ID,CREATED_BY,CREATED_DATE,STATUS,UPDATED_BY,UPDATED_DATE,VERSION,APP_MENU,APP_ROLE) VALUES (100001,null,null,null,null,null,0,100001,100002);
INSERT INTO "APP2"."APP_ROLE_MENU" (ID,CREATED_BY,CREATED_DATE,STATUS,UPDATED_BY,UPDATED_DATE,VERSION,APP_MENU,APP_ROLE) VALUES (100002,null,null,null,null,null,0,100002,100002);
INSERT INTO "APP2"."APP_ROLE_MENU" (ID,CREATED_BY,CREATED_DATE,STATUS,UPDATED_BY,UPDATED_DATE,VERSION,APP_MENU,APP_ROLE) VALUES (100003,null,null,null,null,null,0,100003,100002);
INSERT INTO "APP2"."APP_ROLE_MENU" (ID,CREATED_BY,CREATED_DATE,STATUS,UPDATED_BY,UPDATED_DATE,VERSION,APP_MENU,APP_ROLE) VALUES (100004,null,null,null,null,null,0,100004,100002);
INSERT INTO "APP2"."APP_ROLE_MENU" (ID,CREATED_BY,CREATED_DATE,STATUS,UPDATED_BY,UPDATED_DATE,VERSION,APP_MENU,APP_ROLE) VALUES (100005,null,null,null,null,null,0,100005,100002);
INSERT INTO "APP2"."APP_ROLE_MENU" (ID,CREATED_BY,CREATED_DATE,STATUS,UPDATED_BY,UPDATED_DATE,VERSION,APP_MENU,APP_ROLE) VALUES (100006,null,null,null,null,null,0,100006,100002);
INSERT INTO "APP2"."APP_ROLE_MENU" (ID,CREATED_BY,CREATED_DATE,STATUS,UPDATED_BY,UPDATED_DATE,VERSION,APP_MENU,APP_ROLE) VALUES (100007,null,null,null,null,null,0,100007,100002);
INSERT INTO "APP2"."APP_ROLE_MENU" (ID,CREATED_BY,CREATED_DATE,STATUS,UPDATED_BY,UPDATED_DATE,VERSION,APP_MENU,APP_ROLE) VALUES (100008,null,null,null,null,null,0,100008,100002);
INSERT INTO "APP2"."APP_ROLE_MENU" (ID,CREATED_BY,CREATED_DATE,STATUS,UPDATED_BY,UPDATED_DATE,VERSION,APP_MENU,APP_ROLE) VALUES (100009,null,null,null,null,null,0,100009,100002);
INSERT INTO "APP2"."APP_ROLE_MENU" (ID,CREATED_BY,CREATED_DATE,STATUS,UPDATED_BY,UPDATED_DATE,VERSION,APP_MENU,APP_ROLE) VALUES (100010,null,null,null,null,null,0,100010,100002);
INSERT INTO "APP2"."APP_ROLE_MENU" (ID,CREATED_BY,CREATED_DATE,STATUS,UPDATED_BY,UPDATED_DATE,VERSION,APP_MENU,APP_ROLE) VALUES (100011,null,null,null,null,null,0,100011,100002);
INSERT INTO "APP2"."APP_ROLE_MENU" (ID,CREATED_BY,CREATED_DATE,STATUS,UPDATED_BY,UPDATED_DATE,VERSION,APP_MENU,APP_ROLE) VALUES (100012,null,null,null,null,null,0,100012,100002);
INSERT INTO "APP2"."APP_ROLE_MENU" (ID,CREATED_BY,CREATED_DATE,STATUS,UPDATED_BY,UPDATED_DATE,VERSION,APP_MENU,APP_ROLE) VALUES (100013,null,null,null,null,null,0,100013,100002);
INSERT INTO "APP2"."APP_ROLE_MENU" (ID,CREATED_BY,CREATED_DATE,STATUS,UPDATED_BY,UPDATED_DATE,VERSION,APP_MENU,APP_ROLE) VALUES (100014,null,null,null,null,null,0,100014,100002);
INSERT INTO "APP2"."APP_ROLE_MENU" (ID,CREATED_BY,CREATED_DATE,STATUS,UPDATED_BY,UPDATED_DATE,VERSION,APP_MENU,APP_ROLE) VALUES (100015,null,null,null,null,null,0,100015,100002);


